{
  "n_blocks": 500,
  "n_queries": 1000,
  "pool_size": 40,
  "repeat_pct": 80.0,
  "runs": [
    {
      "name": "no_cache",
      "hit_rate_pct": 96.0,
      "miss_p50_ms": 6.078875994717237,
      "miss_p95_ms": 7.328998006414622,
      "hit_p50_ms": 6.086478497309145,
      "hit_p95_ms": 7.355150009971112,
      "n_misses": 40,
      "n_hits": 960
    },
    {
      "name": "lru_only",
      "hit_rate_pct": 96.0,
      "miss_p50_ms": 9.01106049423106,
      "miss_p95_ms": 9.826438006712124,
      "hit_p50_ms": 0.05582049925578758,
      "hit_p95_ms": 0.06615200254600495,
      "n_misses": 40,
      "n_hits": 960
    },
    {
      "name": "redis",
      "hit_rate_pct": 96.0,
      "miss_p50_ms": 9.592331000021659,
      "miss_p95_ms": 10.340977009036578,
      "hit_p50_ms": 0.05603000317933038,
      "hit_p95_ms": 0.07304799510166049,
      "n_misses": 40,
      "n_hits": 960
    }
  ]
}